ip,first_seen,last_seen,alert_count,country
95.216.33.58,2026-05-06 05:22:03,2026-05-06 08:22:09,67,NL
57.128.170.236,2026-05-06 05:22:03,2026-05-06 08:22:09,67,NL
95.214.53.96,2026-05-06 05:22:03,2026-05-06 08:22:09,67,NL
50.28.86.149,2026-05-06 05:22:03,2026-05-06 08:22:09,67,NL
217.154.23.190,2026-05-06 05:22:03,2026-05-06 08:22:09,67,NL
212.51.151.254,2026-05-06 05:22:03,2026-05-06 08:22:09,67,NL
85.23.8.178,2026-05-06 05:22:03,2026-05-06 08:22:09,67,NL
194.55.13.49,2026-05-06 05:22:03,2026-05-06 08:22:09,67,NL
79.112.111.27,2026-05-06 05:22:03,2026-05-06 08:22:09,67,NL
71.244.170.31,2026-05-06 05:22:03,2026-05-06 08:22:09,67,NL
64.65.62.80,2026-05-06 05:22:03,2026-05-06 08:22:09,67,NL
64.65.62.11,2026-05-06 05:22:03,2026-05-06 08:22:09,67,NL
98.128.175.69,2026-05-06 05:22:03,2026-05-06 08:22:09,67,NL
194.34.134.13,2026-05-06 05:22:03,2026-05-06 08:22:09,67,NL
185.107.83.1,2026-05-06 05:22:03,2026-05-06 08:22:09,67,NL
192.42.116.35,2026-05-06 05:22:03,2026-05-06 08:22:09,67,NL
176.125.242.71,2026-05-06 05:22:03,2026-05-06 08:22:09,67,NL
51.75.129.204,2026-05-06 05:22:03,2026-05-06 08:22:09,67,NL
37.120.190.6,2026-05-06 05:22:03,2026-05-06 08:22:09,67,NL
194.48.248.99,2026-05-06 05:22:03,2026-05-06 08:22:09,67,NL
87.106.233.134,2026-05-06 05:22:03,2026-05-06 08:22:09,67,NL
192.42.116.81,2026-05-06 05:22:03,2026-05-06 08:22:09,67,NL
108.62.119.77,2026-05-06 05:22:03,2026-05-06 08:22:09,67,NL
148.251.83.53,2026-05-06 05:22:03,2026-05-06 08:22:09,67,NL
51.75.153.22,2026-05-06 05:22:03,2026-05-06 08:22:09,67,NL
131.188.40.188,2026-05-06 05:22:03,2026-05-06 08:22:09,67,NL
64.65.1.145,2026-05-06 05:22:03,2026-05-06 08:22:09,67,NL
94.23.76.244,2026-05-06 05:22:03,2026-05-06 08:22:09,67,NL
144.76.168.36,2026-05-06 05:22:03,2026-05-06 08:22:09,67,NL
62.112.9.92,2026-05-06 05:22:03,2026-05-06 08:22:09,67,NL
64.65.63.12,2026-05-06 05:22:03,2026-05-06 08:22:09,67,NL
65.109.163.237,2026-05-06 05:22:03,2026-05-06 08:22:09,67,NL
192.121.108.119,2026-05-06 05:22:03,2026-05-06 08:22:09,67,NL
70.175.76.239,2026-05-06 05:22:03,2026-05-06 08:22:09,67,NL
217.154.145.43,2026-05-06 05:22:03,2026-05-06 08:22:09,67,NL
31.172.65.197,2026-05-06 05:22:03,2026-05-06 08:22:09,67,NL
37.120.171.64,2026-05-06 05:22:03,2026-05-06 08:22:09,67,NL
45.95.169.21,2026-05-06 05:22:03,2026-05-06 08:22:09,67,NL
51.222.15.8,2026-05-06 05:22:03,2026-05-06 08:22:09,67,NL
81.168.83.104,2026-05-06 05:22:03,2026-05-06 08:22:09,67,NL
87.236.199.239,2026-05-06 05:22:03,2026-05-06 08:22:09,67,NL
95.216.42.15,2026-05-06 05:22:03,2026-05-06 08:22:09,67,NL
91.202.5.104,2026-05-06 05:22:03,2026-05-06 08:22:09,67,NL
152.53.124.86,2026-05-06 05:22:03,2026-05-06 08:22:09,67,NL
152.53.17.175,2026-05-06 05:22:03,2026-05-06 08:22:09,67,NL
91.196.82.247,2026-05-06 05:22:03,2026-05-06 08:22:09,67,NL
188.192.191.25,2026-05-06 05:22:03,2026-05-06 08:22:09,67,NL
87.236.195.198,2026-05-06 05:22:03,2026-05-06 08:22:09,67,NL
192.42.116.137,2026-05-06 05:22:03,2026-05-06 08:22:09,67,NL
89.58.27.85,2026-05-06 05:22:03,2026-05-06 08:22:09,67,NL
89.58.49.219,2026-05-06 05:22:03,2026-05-06 08:22:09,67,NL
185.243.218.138,2026-04-10 14:57:36,2026-04-13 13:23:24,17,NO
31.6.1.164,2026-04-10 14:57:36,2026-04-13 13:23:24,15,RO
185.116.236.48,2026-04-10 14:57:36,2026-04-13 15:22:24,12,US
38.190.150.2,2026-04-10 14:57:36,2026-04-13 13:23:24,12,RS
66.92.214.63,2026-04-10 14:57:36,2026-04-13 13:23:24,11,US
50.118.225.16,2026-04-10 14:57:36,2026-04-13 15:22:24,11,NL
148.251.236.209,2026-04-10 14:57:36,2026-04-10 14:57:36,10,DE
45.41.207.167,2026-04-10 14:57:36,2026-04-13 13:23:24,10,US
198.55.103.184,2026-04-10 14:57:36,2026-04-10 14:57:36,10,IE
195.206.234.89,2026-04-10 14:57:36,2026-04-10 14:57:36,10,NL
45.141.148.70,2026-04-10 14:57:36,2026-04-13 13:23:24,9,TR
141.105.130.172,2026-04-10 14:57:36,2026-04-13 13:23:24,9,UA
152.89.170.178,2026-04-10 14:57:36,2026-04-12 07:22:52,9,IT
31.56.7.161,2026-04-10 14:57:36,2026-04-10 14:57:36,9,DE
93.123.118.224,2026-04-10 14:57:36,2026-04-10 14:57:36,7,NL
81.162.55.28,2026-04-10 14:57:36,2026-04-10 14:57:36,7,UZ
213.239.213.220,2026-04-10 14:57:36,2026-04-10 14:57:36,7,DE
45.9.156.16,2026-04-10 14:57:36,2026-04-10 14:57:36,7,BG
45.133.73.207,2026-05-04 17:22:04,2026-05-04 17:22:15,6,BG
91.149.243.81,2026-04-10 14:57:36,2026-04-10 14:57:36,6,ES
38.45.66.185,2026-04-10 14:57:36,2026-04-10 14:57:36,6,US
51.81.22.58,2026-05-04 17:22:04,2026-05-04 17:22:15,6,BG
198.98.62.56,2026-04-10 14:57:36,2026-04-10 14:57:36,6,US
51.38.112.15,2026-04-10 14:57:36,2026-04-10 14:57:36,6,DE
191.96.11.38,2026-05-04 17:22:04,2026-05-04 17:22:15,6,BG
37.187.75.190,2026-05-04 17:22:04,2026-05-04 17:22:15,6,BG
185.132.53.226,2026-05-04 17:22:04,2026-05-04 17:22:15,6,BG
38.134.40.118,2026-04-10 14:57:36,2026-04-10 14:57:36,6,US
109.70.100.248,2026-04-10 14:57:36,2026-04-10 14:57:36,6,AT
31.56.32.76,2026-05-04 17:22:04,2026-05-04 17:22:15,6,BG
5.175.184.198,2026-04-10 14:57:36,2026-04-10 14:57:36,6,US
103.83.87.226,2026-04-10 14:57:36,2026-04-10 14:57:36,6,TR
144.76.159.218,2026-04-10 14:57:36,2026-04-10 14:57:36,6,DE
45.141.119.159,2026-04-10 14:57:36,2026-04-10 14:57:36,6,CH
95.17.81.188,2026-04-10 14:57:36,2026-04-10 14:57:36,6,ES
77.174.62.158,2026-04-10 14:57:36,2026-04-10 14:57:36,5,NL
138.201.206.249,2026-04-10 14:57:36,2026-04-10 14:57:36,5,DE
102.205.44.5,2026-04-10 14:57:36,2026-04-10 14:57:36,5,NG
185.141.216.154,2026-04-10 14:57:36,2026-04-10 14:57:36,5,CA
147.135.208.89,2026-04-10 14:57:36,2026-04-10 14:57:36,5,PL
107.172.224.237,2026-04-10 14:57:36,2026-04-10 14:57:36,5,US
104.223.84.81,2026-04-10 14:57:36,2026-04-10 14:57:36,5,CA
145.239.136.129,2026-04-10 14:57:36,2026-04-10 14:57:36,5,FI
107.150.20.68,2026-04-10 14:57:36,2026-04-10 14:57:36,5,IE
138.201.57.234,2026-04-10 14:57:36,2026-04-10 14:57:36,5,DE
178.254.44.54,2026-04-10 14:57:36,2026-04-10 14:57:36,5,DE
193.108.52.87,2026-04-10 14:57:36,2026-04-10 14:57:36,5,CH
198.12.90.203,2026-04-10 14:57:36,2026-04-10 14:57:36,5,US
194.156.89.6,2026-04-10 14:57:36,2026-04-10 14:57:36,5,US
91.231.182.2,2026-04-10 14:57:36,2026-04-10 14:57:36,5,UA
138.201.54.59,2026-04-10 14:57:36,2026-04-10 14:57:36,5,DE
31.58.214.63,2026-04-10 14:57:36,2026-04-10 14:57:36,5,GB
159.89.41.177,2026-04-10 14:57:36,2026-04-10 14:57:36,5,US
108.213.163.112,2026-04-10 14:57:36,2026-04-10 14:57:36,5,US
65.109.67.160,2026-04-10 14:57:36,2026-04-10 14:57:36,5,FI
38.99.95.12,2026-04-10 14:57:36,2026-04-10 14:57:36,5,MK
79.194.243.79,2026-04-10 14:57:36,2026-04-10 14:57:36,4,DE
37.187.131.168,2026-04-10 14:57:36,2026-04-10 14:57:36,4,FR
188.165.136.205,2026-04-10 14:57:36,2026-04-10 14:57:36,4,FI
102.205.44.250,2026-04-10 14:57:36,2026-04-10 14:57:36,4,NG
107.172.128.174,2026-04-10 14:57:36,2026-04-10 14:57:36,4,US
87.236.195.216,2026-04-10 14:57:36,2026-04-10 14:57:36,4,CZ
143.20.185.152,2026-04-10 14:57:36,2026-04-10 14:57:36,4,ZA
51.159.104.35,2026-04-12 07:22:12,2026-04-12 07:22:52,4,IT
51.159.59.187,2026-04-10 14:57:36,2026-04-10 14:57:36,4,FR
5.181.177.223,2026-04-10 14:57:36,2026-04-10 14:57:36,4,NL
152.53.246.111,2026-04-10 14:57:36,2026-04-10 14:57:36,4,DE
79.141.165.172,2026-04-10 14:57:36,2026-04-10 14:57:36,4,NL
83.168.108.31,2026-04-10 14:57:36,2026-04-10 14:57:36,4,PL
93.93.113.144,2026-04-10 14:57:36,2026-04-10 14:57:36,4,ES
51.77.90.246,2026-04-10 14:57:36,2026-04-10 14:57:36,4,CZ
185.220.101.196,2026-04-10 14:57:36,2026-04-10 14:57:36,4,DE
146.59.15.186,2026-04-10 14:57:36,2026-04-10 14:57:36,4,PL
87.104.37.132,2026-04-10 14:57:36,2026-04-10 14:57:36,4,DK
45.9.168.16,2026-04-10 14:57:36,2026-04-10 14:57:36,4,HU
23.166.40.111,2026-04-10 14:57:36,2026-04-10 14:57:36,4,US
84.240.60.234,2026-04-10 14:57:36,2026-04-10 14:57:36,4,LT
109.110.170.11,2026-04-10 14:57:36,2026-04-10 14:57:36,4,NL
213.165.90.169,2026-04-10 14:57:36,2026-04-10 14:57:36,4,GB
147.189.174.139,2026-04-10 14:57:36,2026-04-10 14:57:36,4,US
94.16.113.35,2026-04-10 14:57:36,2026-04-10 14:57:36,3,DE
185.231.100.59,2026-04-22 15:22:17,2026-04-22 15:22:39,3,SE
188.165.226.228,2026-04-10 14:57:36,2026-04-10 14:57:36,3,FR
45.129.182.225,2026-04-10 14:57:36,2026-04-10 14:57:36,3,DE
217.154.237.41,2026-04-10 14:57:36,2026-04-10 14:57:36,3,DE
116.202.217.146,2026-04-10 14:57:36,2026-04-10 14:57:36,3,DE
147.135.214.61,2026-04-14 11:22:24,2026-04-14 11:23:37,3,FR
94.130.52.190,2026-04-10 14:57:36,2026-04-10 14:57:36,3,DE
216.9.225.156,2026-04-10 14:57:36,2026-04-10 14:57:36,3,US
176.103.220.223,2026-05-04 13:22:04,2026-05-04 13:22:08,3,DE
51.83.156.161,2026-05-04 13:22:04,2026-05-04 13:22:08,3,DE
143.20.64.228,2026-04-22 15:22:17,2026-04-22 15:22:39,3,SE
188.165.0.43,2026-04-10 14:57:36,2026-04-10 14:57:36,3,FR
37.221.212.147,2026-04-10 14:57:36,2026-04-10 14:57:36,3,HU
45.137.201.54,2026-04-10 14:57:36,2026-04-10 14:57:36,3,IT
178.33.36.64,2026-04-14 11:22:24,2026-04-14 11:23:37,3,FR
23.95.167.100,2026-04-10 14:57:36,2026-04-10 14:57:36,3,IE
151.242.132.118,2026-04-10 14:57:36,2026-04-10 14:57:36,3,IT
185.220.101.201,2026-04-10 14:57:36,2026-04-10 14:57:36,3,DE
83.168.69.149,2026-04-22 15:22:17,2026-04-22 15:22:39,3,SE
45.141.57.69,2026-04-10 14:57:36,2026-04-10 14:57:36,3,IT
94.23.170.63,2026-04-10 14:57:36,2026-04-10 14:57:36,3,CZ
57.129.38.230,2026-04-10 14:57:36,2026-04-10 14:57:36,3,DE
46.165.220.229,2026-04-10 14:57:36,2026-04-10 14:57:36,3,DE
37.221.65.85,2026-04-10 14:57:36,2026-04-10 14:57:36,3,MD
85.120.81.153,2026-04-10 14:57:36,2026-04-10 14:57:36,3,MD
178.32.139.118,2026-04-10 14:57:36,2026-04-10 14:57:36,3,IT
130.225.244.90,2026-04-10 14:57:36,2026-04-10 14:57:36,3,DK
185.80.30.102,2026-04-10 14:57:36,2026-04-10 14:57:36,3,CZ
85.17.127.129,2026-04-10 14:57:36,2026-04-10 14:57:36,3,NL
185.141.216.220,2026-04-10 14:57:36,2026-04-10 14:57:36,3,CA
45.141.119.39,2026-05-04 13:22:04,2026-05-04 13:22:08,3,DE
168.222.241.36,2026-04-10 14:57:36,2026-04-10 14:57:36,3,SE
64.65.1.128,2026-04-10 14:57:36,2026-04-10 14:57:36,3,US
137.226.34.45,2026-04-10 14:57:36,2026-04-10 14:57:36,3,DE
45.41.206.176,2026-04-10 14:57:36,2026-04-10 14:57:36,3,US
51.68.47.161,2026-04-10 14:57:36,2026-04-10 14:57:36,3,FR
64.65.63.105,2026-04-10 14:57:36,2026-04-10 14:57:36,3,US
188.68.41.74,2026-04-10 14:57:36,2026-04-10 14:57:36,3,DE
51.77.132.82,2026-04-10 14:57:36,2026-04-10 14:57:36,3,FR
102.216.253.63,2026-04-10 14:57:36,2026-04-10 14:57:36,2,AO
162.19.169.173,2026-04-10 14:57:36,2026-04-10 14:57:36,2,DE
23.83.135.203,2026-04-10 14:57:36,2026-04-10 14:57:36,2,US
195.201.9.37,2026-04-29 09:22:09,2026-04-29 09:22:12,2,DE
107.174.34.7,2026-04-10 14:57:36,2026-04-10 14:57:36,2,US
82.117.241.164,2026-04-15 05:22:15,2026-04-21 16:22:26,2,LU
23.141.188.95,2026-04-10 14:57:36,2026-04-10 14:57:36,2,IT
38.190.150.6,2026-04-10 14:57:36,2026-04-10 14:57:36,2,RS
37.221.66.248,2026-04-10 14:57:36,2026-04-10 14:57:36,2,MD
5.253.84.137,2026-04-10 14:57:36,2026-04-10 14:57:36,2,NL
194.13.81.26,2026-04-10 14:57:36,2026-04-10 14:57:36,2,DE
78.80.36.112,2026-04-20 09:22:19,2026-04-20 09:22:47,2,US
185.222.160.3,2026-04-10 14:57:36,2026-04-10 14:57:36,2,NL
135.148.100.89,2026-04-10 14:57:36,2026-04-10 14:57:36,2,US
152.53.132.95,2026-04-10 14:57:36,2026-04-10 14:57:36,2,DE
134.130.172.229,2026-04-10 14:57:36,2026-04-10 14:57:36,2,DE
94.23.172.32,2026-04-10 14:57:36,2026-04-10 14:57:36,2,CZ
185.107.57.64,2026-04-10 14:57:36,2026-04-10 14:57:36,2,NL
65.109.67.140,2026-04-10 14:57:36,2026-04-10 14:57:36,2,FI
185.220.101.207,2026-04-10 14:57:36,2026-04-10 14:57:36,2,DE
83.7.192.42,2026-04-10 14:57:36,2026-04-10 14:57:36,2,PL
64.65.1.171,2026-04-10 14:57:36,2026-04-10 14:57:36,2,US
62.238.237.242,2026-04-10 14:57:36,2026-04-10 14:57:36,2,NL
193.200.229.34,2026-04-10 14:57:36,2026-04-10 14:57:36,2,NO
38.102.84.204,2026-04-10 14:57:36,2026-04-10 14:57:36,2,CA
45.137.69.14,2026-05-02 11:22:03,2026-05-02 11:22:05,2,FI
64.65.63.7,2026-04-10 14:57:36,2026-04-10 14:57:36,2,US
51.15.185.201,2026-04-10 14:57:36,2026-04-10 14:57:36,2,FR
64.65.1.137,2026-04-10 14:57:36,2026-04-10 14:57:36,2,US
83.22.78.187,2026-04-10 14:57:36,2026-04-10 14:57:36,2,PL
51.38.110.234,2026-04-10 14:57:36,2026-04-10 14:57:36,2,CZ
204.44.125.250,2026-04-10 14:57:36,2026-04-10 14:57:36,2,IE
193.142.146.43,2026-04-10 14:57:36,2026-04-10 14:57:36,2,NL
64.65.63.80,2026-04-10 14:57:36,2026-04-10 14:57:36,2,US
185.132.53.199,2026-04-10 14:57:36,2026-04-10 14:57:36,2,NL
109.70.100.247,2026-04-29 09:22:09,2026-04-29 09:22:12,2,DE
192.210.198.18,2026-04-10 14:57:36,2026-04-10 14:57:36,2,US
167.17.40.11,2026-04-10 14:57:36,2026-04-10 14:57:36,2,FI
89.47.50.223,2026-04-10 14:57:36,2026-04-10 14:57:36,2,CH
45.12.138.199,2026-04-17 12:22:10,2026-04-17 13:22:25,2,DE
46.4.57.75,2026-04-10 14:57:36,2026-04-10 14:57:36,2,DE
141.98.189.205,2026-04-10 14:57:36,2026-04-10 14:57:36,2,RU
46.23.108.191,2026-04-10 14:57:36,2026-04-10 14:57:36,2,AZ
96.9.98.38,2026-04-10 14:57:36,2026-04-10 14:57:36,2,US
185.85.241.69,2026-05-02 11:22:03,2026-05-02 11:22:05,2,FI
51.81.93.37,2026-04-20 09:22:19,2026-04-20 09:22:47,2,US
130.12.171.175,2026-04-10 14:57:36,2026-04-10 14:57:36,2,LT
185.153.55.246,2026-04-10 14:57:36,2026-04-10 14:57:36,2,SE
95.216.145.1,2026-04-10 14:57:36,2026-04-10 14:57:36,2,FI
185.150.18.18,2026-04-10 14:57:36,2026-04-10 14:57:36,2,RO
144.2.101.81,2026-04-10 14:57:36,2026-04-10 14:57:36,2,CH
38.99.95.30,2026-04-10 14:57:36,2026-04-10 14:57:36,2,MK
45.137.199.102,2026-04-10 14:57:36,2026-04-10 14:57:36,2,NL
84.234.19.76,2026-04-10 14:57:36,2026-04-10 14:57:36,1,CH
64.65.0.134,2026-04-10 14:57:36,2026-04-10 14:57:36,1,NL
88.198.27.62,2026-04-10 14:57:36,2026-04-10 14:57:36,1,DE
103.147.153.65,2026-04-10 14:57:36,2026-04-10 14:57:36,1,NL
144.76.3.174,2026-04-10 14:57:36,2026-04-10 14:57:36,1,DE
142.202.51.68,2026-04-10 14:57:36,2026-04-10 14:57:36,1,GB
148.135.207.49,2026-04-10 14:57:36,2026-04-10 14:57:36,1,NL
192.42.116.188,2026-04-10 14:57:36,2026-04-10 14:57:36,1,NL
5.135.136.59,2026-04-10 14:57:36,2026-04-10 14:57:36,1,FR
142.132.204.112,2026-04-10 14:57:36,2026-04-10 14:57:36,1,DE
5.196.131.170,2026-04-10 14:57:36,2026-04-10 14:57:36,1,FR
207.244.78.230,2026-04-10 14:57:36,2026-04-10 14:57:36,1,US
188.165.4.146,2026-04-10 14:57:36,2026-04-10 14:57:36,1,FR
185.107.57.65,2026-04-10 14:57:36,2026-04-10 14:57:36,1,NL
94.16.106.22,2026-04-10 14:57:36,2026-04-10 14:57:36,1,DE
88.99.193.108,2026-04-10 14:57:36,2026-04-10 14:57:36,1,DE
192.67.197.158,2026-04-10 14:57:36,2026-04-10 14:57:36,1,DE
79.189.125.171,2026-04-10 14:57:36,2026-04-10 14:57:36,1,PL
189.239.150.151,2026-04-10 14:57:36,2026-04-10 14:57:36,1,MX
149.202.85.99,2026-04-10 14:57:36,2026-04-10 14:57:36,1,FR
95.217.39.117,2026-04-10 14:57:36,2026-04-10 14:57:36,1,FI
116.202.150.27,2026-04-10 14:57:36,2026-04-10 14:57:36,1,DE
138.201.225.177,2026-04-10 14:57:36,2026-04-10 14:57:36,1,DE
51.89.106.29,2026-04-10 14:57:36,2026-04-10 14:57:36,1,GB
64.65.0.55,2026-04-10 14:57:36,2026-04-10 14:57:36,1,NL
135.148.100.84,2026-04-10 14:57:36,2026-04-10 14:57:36,1,US
185.220.101.192,2026-04-10 14:57:36,2026-04-10 14:57:36,1,DE
5.9.14.30,2026-04-10 14:57:36,2026-04-10 14:57:36,1,DE
64.65.63.34,2026-04-10 14:57:36,2026-04-10 14:57:36,1,US
89.58.60.208,2026-04-10 14:57:36,2026-04-10 14:57:36,1,AT
96.9.98.114,2026-04-10 14:57:36,2026-04-10 14:57:36,1,US
77.173.77.247,2026-04-10 14:57:36,2026-04-10 14:57:36,1,NL
107.189.10.86,2026-04-10 14:57:36,2026-04-10 14:57:36,1,LU
164.68.121.40,2026-04-10 14:57:36,2026-04-10 14:57:36,1,FR
92.112.124.202,2026-04-10 14:57:36,2026-04-10 14:57:36,1,NL
185.177.229.228,2026-04-10 14:57:36,2026-04-10 14:57:36,1,DE
24.134.30.65,2026-04-10 14:57:36,2026-04-10 14:57:36,1,DE
57.128.228.176,2026-04-10 14:57:36,2026-04-10 14:57:36,1,PL
51.178.136.58,2026-04-12 23:22:15,2026-04-12 23:22:17,1,FR
89.58.45.45,2026-04-10 14:57:36,2026-04-10 14:57:36,1,DE
168.222.241.41,2026-05-02 15:22:04,2026-05-02 15:22:04,1,SE
94.142.241.41,2026-04-10 14:57:36,2026-04-10 14:57:36,1,NL
64.65.63.55,2026-04-10 14:57:36,2026-04-10 14:57:36,1,US
141.227.158.95,2026-04-10 14:57:36,2026-04-10 14:57:36,1,CH
5.180.253.214,2026-04-10 14:57:36,2026-04-10 14:57:36,1,DE
147.135.70.168,2026-04-10 14:57:36,2026-04-10 14:57:36,1,US
213.65.242.20,2026-04-10 14:57:36,2026-04-10 14:57:36,1,SE
65.21.94.13,2026-04-10 14:57:36,2026-04-10 14:57:36,1,FI
64.65.62.68,2026-04-10 14:57:36,2026-04-10 14:57:36,1,US
178.63.40.99,2026-04-10 14:57:36,2026-04-10 14:57:36,1,DE
94.143.137.213,2026-04-10 14:57:36,2026-04-10 14:57:36,1,ES
136.243.89.124,2026-04-10 14:57:36,2026-04-10 14:57:36,1,DE
79.137.64.70,2026-04-10 14:57:36,2026-04-10 14:57:36,1,FR
185.243.99.10,2026-04-26 10:22:08,2026-04-26 10:22:08,1,UA
5.255.86.191,2026-04-24 19:22:07,2026-04-24 19:22:07,1,NL
206.248.146.19,2026-04-10 14:57:36,2026-04-10 14:57:36,1,CA
193.182.111.41,2026-04-10 14:57:36,2026-04-10 14:57:36,1,SE
213.202.211.151,2026-04-10 14:57:36,2026-04-10 14:57:36,1,DE
178.254.45.64,2026-04-10 14:57:36,2026-04-10 14:57:36,1,DE
5.250.186.160,2026-04-10 14:57:36,2026-04-10 14:57:36,1,ES
193.239.232.102,2026-04-10 14:57:36,2026-04-10 14:57:36,1,SE
64.65.1.91,2026-04-10 14:57:36,2026-04-10 14:57:36,1,US
162.19.79.247,2026-04-10 14:57:36,2026-04-10 14:57:36,1,FR
162.19.252.137,2026-04-10 14:57:36,2026-04-10 14:57:36,1,DE
64.65.62.209,2026-04-10 14:57:36,2026-04-10 14:57:36,1,US
159.195.23.56,2026-04-10 14:57:36,2026-04-10 14:57:36,1,DE
46.4.78.3,2026-04-10 14:57:36,2026-04-10 14:57:36,1,DE
64.65.0.112,2026-04-10 14:57:36,2026-04-10 14:57:36,1,NL
94.156.152.8,2026-04-10 14:57:36,2026-04-10 14:57:36,1,ZA
94.16.118.250,2026-04-10 14:57:36,2026-04-10 14:57:36,1,DE
92.112.126.117,2026-04-10 14:57:36,2026-04-10 14:57:36,1,NL
89.58.56.112,2026-04-10 14:57:36,2026-04-10 14:57:36,1,DE
143.20.97.140,2026-04-10 14:57:36,2026-04-10 14:57:36,1,PL
145.220.0.15,2026-04-10 14:57:36,2026-04-10 14:57:36,1,NL
51.210.177.4,2026-04-10 14:57:36,2026-04-10 14:57:36,1,FR
144.76.140.110,2026-04-10 14:57:36,2026-04-10 14:57:36,1,DE
188.245.217.208,2026-04-10 14:57:36,2026-04-10 14:57:36,1,DE
163.172.76.56,2026-04-10 14:57:36,2026-04-10 14:57:36,1,FR
37.59.175.224,2026-04-10 14:57:36,2026-04-10 14:57:36,1,FR
64.65.1.17,2026-04-10 14:57:36,2026-04-10 14:57:36,1,US
96.9.98.100,2026-04-10 14:57:36,2026-04-10 14:57:36,1,US
192.42.116.124,2026-04-10 14:57:36,2026-04-10 14:57:36,1,NL
95.216.19.41,2026-04-10 14:57:36,2026-04-10 14:57:36,1,FI
199.193.115.2,2026-04-10 14:57:36,2026-04-10 14:57:36,1,US
217.154.169.30,2026-04-10 14:57:36,2026-04-10 14:57:36,1,DE
178.63.3.190,2026-04-10 14:57:36,2026-04-10 14:57:36,1,DE
201.103.113.182,2026-04-15 09:22:20,2026-04-15 09:22:39,1,MX
51.81.56.136,2026-04-10 14:57:36,2026-04-10 14:57:36,1,US
152.53.55.222,2026-04-10 14:57:36,2026-04-10 14:57:36,1,US
198.251.88.18,2026-04-10 14:57:36,2026-04-10 14:57:36,1,LU
84.185.248.46,2026-04-10 14:57:36,2026-04-10 14:57:36,1,DE
208.84.101.105,2026-04-10 14:57:36,2026-04-10 14:57:36,1,US
85.195.203.203,2026-04-10 14:57:36,2026-04-10 14:57:36,1,CH
74.208.127.167,2026-04-10 14:57:36,2026-04-10 14:57:36,1,US
109.73.65.37,2026-04-10 14:57:36,2026-04-10 14:57:36,1,GB
185.55.240.168,2026-04-10 14:57:36,2026-04-10 14:57:36,1,FR
144.76.166.141,2026-04-10 14:57:36,2026-04-10 14:57:36,1,DE
162.19.252.175,2026-04-10 14:57:36,2026-04-10 14:57:36,1,DE
23.137.105.248,2026-04-10 14:57:36,2026-04-10 14:57:36,1,US
103.147.153.178,2026-04-10 14:57:36,2026-04-10 14:57:36,1,NL
80.85.141.186,2026-04-10 14:57:36,2026-04-10 14:57:36,1,NL
51.15.15.183,2026-04-10 14:57:36,2026-04-10 14:57:36,1,NL
5.250.186.169,2026-04-10 14:57:36,2026-04-10 14:57:36,1,ES
178.32.41.33,2026-04-10 14:57:36,2026-04-10 14:57:36,1,BE
64.65.1.14,2026-04-10 14:57:36,2026-04-10 14:57:36,1,US
138.48.33.162,2026-04-10 14:57:36,2026-04-10 14:57:36,1,BE
76.235.207.28,2026-04-10 14:57:36,2026-04-10 14:57:36,1,US
95.216.13.55,2026-04-10 14:57:36,2026-04-10 14:57:36,1,FI
45.137.69.48,2026-04-10 14:57:36,2026-04-10 14:57:36,1,FI
152.70.175.13,2026-04-10 14:57:36,2026-04-10 14:57:36,1,DE
96.9.98.27,2026-04-10 14:57:36,2026-04-10 14:57:36,1,US
37.27.122.124,2026-04-10 14:57:36,2026-04-10 14:57:36,1,FI
94.130.142.182,2026-04-10 14:57:36,2026-04-10 14:57:36,1,DE
185.220.101.211,2026-04-10 14:57:36,2026-04-10 14:57:36,1,DE
83.7.188.100,2026-04-10 14:57:36,2026-04-10 14:57:36,1,PL
208.115.218.134,2026-04-10 14:57:36,2026-04-10 14:57:36,1,US
62.210.97.21,2026-04-10 14:57:36,2026-04-10 14:57:36,1,FR
146.70.57.10,2026-04-30 19:22:03,2026-04-30 19:22:03,1,US
94.23.149.136,2026-04-10 14:57:36,2026-04-10 14:57:36,1,FR
202.71.14.100,2026-04-10 14:57:36,2026-04-10 14:57:36,1,NL
92.112.127.116,2026-04-10 14:57:36,2026-04-10 14:57:36,1,NL
195.72.60.53,2026-04-10 14:57:36,2026-04-10 14:57:36,1,SE
23.137.255.31,2026-04-10 14:57:36,2026-04-10 14:57:36,1,US
198.140.141.51,2026-04-10 14:57:36,2026-04-10 14:57:36,1,NL
46.38.236.250,2026-04-10 14:57:36,2026-04-10 14:57:36,1,DE
96.9.98.115,2026-04-10 14:57:36,2026-04-10 14:57:36,1,US
79.137.34.95,2026-04-10 14:57:36,2026-04-10 14:57:36,1,FR
94.23.247.42,2026-04-10 14:57:36,2026-04-10 14:57:36,1,FR
45.80.210.20,2026-04-10 14:57:36,2026-04-10 14:57:36,1,LU
185.220.101.195,2026-04-10 14:57:36,2026-04-10 14:57:36,1,NL
107.172.127.242,2026-04-10 14:57:36,2026-04-10 14:57:36,1,US
162.19.244.234,2026-04-10 14:57:36,2026-04-10 14:57:36,1,DE
45.137.201.27,2026-04-10 14:57:36,2026-04-10 14:57:36,1,IT
135.125.201.99,2026-04-10 14:57:36,2026-04-10 14:57:36,1,DE
51.195.91.118,2026-04-10 14:57:36,2026-04-10 14:57:36,1,DE
185.220.101.200,2026-04-10 14:57:36,2026-04-10 14:57:36,1,DE
201.103.150.61,2026-04-10 14:57:36,2026-04-10 14:57:36,1,MX
176.32.35.193,2026-04-10 14:57:36,2026-04-10 14:57:36,1,RU
163.172.251.6,2026-04-10 14:57:36,2026-04-10 14:57:36,1,FR
152.53.86.165,2026-04-10 14:57:36,2026-04-10 14:57:36,1,DE
103.149.168.189,2026-04-10 14:57:36,2026-04-10 14:57:36,1,NL
185.231.101.141,2026-04-10 14:57:36,2026-04-10 14:57:36,1,SE
85.214.111.133,2026-04-10 14:57:36,2026-04-10 14:57:36,1,DE
85.215.129.4,2026-04-10 14:57:36,2026-04-10 14:57:36,1,DE
51.195.41.230,2026-04-10 14:57:36,2026-04-10 14:57:36,1,DE
64.65.63.130,2026-04-10 14:57:36,2026-04-10 14:57:36,1,US
94.23.121.150,2026-04-10 14:57:36,2026-04-10 14:57:36,1,FR
15.204.220.109,2026-04-10 14:57:36,2026-04-10 14:57:36,1,US
194.58.38.67,2026-04-10 14:57:36,2026-04-10 14:57:36,1,BR
195.154.200.146,2026-04-10 14:57:36,2026-04-10 14:57:36,1,FR
82.117.241.171,2026-04-14 04:22:08,2026-04-14 04:22:21,1,LU
178.18.246.223,2026-04-10 14:57:36,2026-04-10 14:57:36,1,FR
46.149.125.9,2026-04-10 14:57:36,2026-04-10 14:57:36,1,CZ
185.220.101.204,2026-04-26 09:22:04,2026-04-26 09:22:04,1,DE
57.128.220.229,2026-04-10 14:57:36,2026-04-10 14:57:36,1,PL
46.224.36.195,2026-04-10 14:57:36,2026-04-10 14:57:36,1,DE
82.117.241.187,2026-05-07 10:22:04,2026-05-07 10:22:04,1,LU
81.168.83.4,2026-04-10 14:57:36,2026-04-10 14:57:36,1,GB
185.125.169.30,2026-04-10 14:57:36,2026-04-10 14:57:36,1,NO
192.42.116.34,2026-04-10 14:57:36,2026-04-10 14:57:36,1,NL
95.169.191.6,2026-05-07 15:22:04,2026-05-07 15:22:04,1,DE
45.142.177.89,2026-04-10 14:57:36,2026-04-10 14:57:36,1,DE
167.235.183.173,2026-04-10 14:57:36,2026-04-10 14:57:36,1,DE
37.221.208.216,2026-04-10 14:57:36,2026-04-10 14:57:36,1,HU
95.141.32.200,2026-04-10 14:57:36,2026-04-10 14:57:36,1,IT
37.27.122.120,2026-04-10 14:57:36,2026-04-10 14:57:36,1,FI
185.21.217.76,2026-04-10 14:57:36,2026-04-10 14:57:36,1,NL
178.32.136.221,2026-04-10 14:57:36,2026-04-10 14:57:36,1,IT
209.141.58.254,2026-04-10 14:57:36,2026-04-10 14:57:36,1,US
193.142.59.53,2026-04-10 14:57:36,2026-04-10 14:57:36,1,GB
46.232.250.163,2026-04-10 14:57:36,2026-04-10 14:57:36,1,DE
135.125.183.193,2026-04-10 14:57:36,2026-04-10 14:57:36,1,DE
188.165.26.76,2026-04-10 14:57:36,2026-04-10 14:57:36,1,PL
91.179.18.97,2026-04-10 14:57:36,2026-04-10 14:57:36,1,BE
57.128.180.74,2026-04-10 14:57:36,2026-04-10 14:57:36,1,GB
85.10.200.134,2026-04-10 14:57:36,2026-04-10 14:57:36,1,DE
79.141.174.124,2026-04-10 14:57:36,2026-04-10 14:57:36,1,SE
92.60.36.222,2026-04-10 14:57:36,2026-04-10 14:57:36,1,DE
78.80.95.237,2026-05-07 19:22:05,2026-05-07 19:22:05,1,CZ
